63.173.67.135-63.173.67.218	Network57
1.189.17.31-1.189.17.250	Network44
111.83.88.140-111.83.89.107	Network22
45.25.181.152-45.25.181.199	Network38
33.11.67.220-33.11.68.16	Network7
66.183.162.65-66.183.162.89	Network31
41.108.32.68-41.108.32.99	Network39
26.65.125.125-26.65.126.47	Network33
50.149.194.231-50.149.195.104	Network58
13.249.61.153-13.249.62.64	Network25
104.110.146.248-104.110.147.213	Network65
67.75.129.85-67.75.130.8	Network68
121.211.207.113-121.211.208.95	Network2
20.73.229.140-20.73.229.244	Network28
60.43.118.85-60.43.118.96	Network18
59.66.99.65-59.66.99.87	Network89
42.216.69.122-42.216.69.222	Network38
80.169.198.160-80.169.198.224	Network22
78.64.108.135-78.64.108.213	Network17
124.12.43.136-124.12.43.209	Network93
80.39.170.120-80.39.171.14	Network94
26.225.103.81-26.225.103.168	Network48
67.5.158.140-67.5.159.113	Network71
33.227.105.190-33.227.106.81	Network53
110.57.181.50-110.57.181.191	Network25
34.200.176.4-34.200.176.14	Network18
50.122.181.28-50.122.181.68	Network20
72.197.109.10-72.197.109.231	Network34
86.56.175.64-86.56.175.136	Network69
77.39.81.32-77.39.81.189	Network22
91.243.222.62-91.243.223.58	Network88
27.147.233.136-27.147.234.109	Network30
95.105.126.42-95.105.126.142	Network7
114.106.45.68-114.106.45.89	Network76
101.203.61.113-101.203.61.241	Network81
14.56.128.214-14.56.129.142	Network97
122.13.194.34-122.13.194.222	Network91
81.120.141.156-81.120.142.95	Network92
83.140.196.125-83.140.196.246	Network35
10.174.195.179-10.174.196.174	Network91
79.54.24.104-79.54.25.24	Network0
7.217.6.84-7.217.7.20	Network87
65.146.18.223-65.146.19.202	Network47
93.149.98.202-93.149.99.95	Network91
66.125.47.65-66.125.47.111	Network59
84.49.17.55-84.49.17.59	Network40
99.113.153.214-99.113.154.10	Network29
112.233.100.148-112.233.100.245	Network74
54.164.249.156-54.164.250.106	Network62
31.27.132.89-31.27.133.42	Network23
119.159.227.21-119.159.227.129	Network41
63.246.86.100-63.246.86.178	Network63
68.45.240.74-68.45.241.47	Network17
52.121.42.247-52.121.43.62	Network12
120.203.120.12-120.203.120.91	Network98
57.116.142.133-57.116.142.168	Network99
102.220.238.225-102.220.238.248	Network8
118.219.230.104-118.219.230.129	Network30
101.115.135.221-101.115.136.118	Network43
101.98.181.134-101.98.181.171	Network6
88.94.218.52-88.94.218.74	Network83
71.159.221.52-71.159.221.163	Network99
54.159.9.225-54.159.10.22	Network1
58.129.236.159-58.129.237.72	Network47
92.113.222.121-92.113.222.158	Network83
6.207.94.74-6.207.95.36	Network44
4.13.186.221-4.13.187.128	Network34
16.156.7.52-16.156.7.61	Network73
125.210.179.0-125.210.179.192	Network19
58.45.62.88-58.45.62.202	Network50
49.93.242.204-49.93.243.180	Network43
116.1.109.126-116.1.110.56	Network67
96.64.241.148-96.64.241.245	Network84
44.214.149.59-44.214.149.157	Network64
37.17.241.82-37.17.241.238	Network70
77.24.94.81-77.24.94.106	Network11
38.224.47.121-38.224.48.55	Network1
40.247.225.158-40.247.225.232	Network53
102.188.222.194-102.188.223.121	Network81
11.137.102.1-11.137.102.47	Network44
120.172.38.9-120.172.38.68	Network67
73.50.184.167-73.50.185.143	Network29
65.139.95.213-65.139.96.73	Network17
92.173.0.102-92.173.0.143	Network77
46.68.216.243-46.68.217.190	Network96
107.168.71.212-107.168.72.80	Network3
54.117.57.241-54.117.58.232	Network28
107.124.124.7-107.124.124.110	Network5
98.164.72.25-98.164.72.181	Network67
119.74.14.237-119.74.15.76	Network62
46.77.38.25-46.77.38.40	Network32
86.140.84.92-86.140.84.243	Network96
62.249.219.14-62.249.219.189	Network61
53.53.88.26-53.53.88.39	Network70
30.57.144.126-30.57.145.50	Network78
61.160.89.52-61.160.89.70	Network8
90.144.84.50-90.144.85.46	Network59
81.151.20.28-81.151.21.23	Network47
21.132.162.170-21.132.162.206	Network8
41.90.25.61-41.90.25.149	Network23
